postcode ,add1,street,match rules
BL9 8QD,POLE COURT,POLE LANE COURT,"paon,street=add1"
BB7 9UG,WOODLANDS PARK,WOODLAND PARK,"paon,street=add1"
CM8 2SN,LONGFIELDS,LONGFIELD,"paon,street=add1"
DA8 2PN,COLOMBUS SQUARE,COLUMBUS SQUARE,"paon,street=add1,PAON HAS MISTAKE"
LE9 6NU,RICHARDSON CLOSE,RICHARDSONS CLOSE,"paon,street=add1"
LU2 9SR,LINDSAY ROAD,LINDSEY ROAD,"paon,street=add1"
LU3 4AE,SORRELL CLOSE,SORREL CLOSE,"paon,street=add1"
NE28 9JH,KINGS ROAD,KINGS ROAD NORTH,"paon,street=add1"
PE12 7QW,MARSHLAND DRIVE,MARSHLANDS DRIVE,"paon,street=add1"
RG4 8BF,ELLIOTTS WAY,ELLIOTS WAY,"paon,street=add1"
SW12 8HJ,ST. JAMES TERRACE,ST JAMESS TERRACE ,"paon,street=add1"
LN6 8BD,PAVILION GARDENS,PAVILLION GARDENS,"paon,street=add1"
LA15 8RU,CLEATOR STREET,CLEATER STREET,"paon,street=add1"
SE5 7QS,HOPEWELL STREET,HOPEWELL STREET,paon street=add1
CO4 5TZ,ST JAMES PLACE DE GREY ROAD,ST JAMES PLACE,paon street=add1
GL52 3JA,PITTVILLE COURT FLATS,PITTVILLE COURT ,"paon,street=add1"
YO8 3EH,CLOG MILLS GARDENS,CLOG MILL GARDENS,paon street=add1
HA2 0BT,QUARTZ COURT,QUARTZ TERRACE,paon street=add1
HP13 7TZ,ST. HUGHS AVENUE,ST HUGHES AVENUE,"paon,street=add1"
LA3 2LH,BRAMBLING CLOSE,BRAMBLING DRIVE,"paon,street=add1"
LE8 6ZH,WINTERBURN GARDEN,WINTERBURN GARDENS,"paon,street=add1"
NR14 6FJ,HECKINGHAM PARK DRIVE,HECKINGHAM PARK,"paon,street=add1"
RH4 2EN,BARTHOLEMEW COURT,BARTHOLOMEW COURT,paon=add1cleancoma
B95 5GB,WILLIAMS JAMES WAY,WILLIAM JAMES WAY,"paon,street=add1"
YO8 3ED,CLOG MILLS GARDENS,CLOG MILL GARDENS,paon street=add1
NR5 0GB,DOCTOR TORRENS WAY,DR TORRENS WAY,"paon,street=add1"
NR3 1HP,SAMSON AND HERCULES COURT,SAMSON & HERCULES COURT,
PE19 6AZ,ALLSOP WAY,ALSOP WAY,
SR7 7DY,MAPLETON DRIVE,MAPPLETON DRIVE,
NN17 2GF,STORNAWAY ROAD,STORNOWAY ROAD ,
NW8 7LQ,ST. JAMES CLOSE,ST JAMES'S CLOSE,
SO50 4BW,ALEXANDER ROAD,ALEXANDER SQUARE,
BA5 2XY,ST. THOMAS'S COURT,ST THOMAS COURT,
LS9 8FS,SAXTON MILL,SAXTON,"paon=add1, add1 delete comma"
LS9 8FT,SAXTON MILL,SAXTON,"paon=add1, add1 delete comma"
LS9 8FW,SAXTON MILL,SAXTON,"paon=add1, add1 delete comma"
LS9 8FR,SAXTON MILL,SAXTON,"paon=add1, add1 delete comma"
LS9 8FY,SAXTON MILL,SAXTON,"paon=add1,"
NN5 6FW,EINSTEIN CLOSE,EINSTEIN CRESCENT,"paon,street=add1"
ST6 8GU,MOOREFILDS VIEW,MOOREFIELDS VIEW,
DY1 4AE,PAGE'S COFT,PAGE'S CROFT,
KT20 5SG,STOKES RIDINGS,STOKE RIDINGS,
SO22 6SJ,BOSSINEY COURT,BOSINNEY COURT,
AL1 1PB,VERNON CLOSE,VERNON'S CLOSE,
CV5 9PJ,BURLEYWOOD CLOSE,BURLYWOOD CLOSE,
E14 3SH,FERGUSON CLOSE,FERGUSON'S CLOSE,
PO4 0UU,JADE APARTMENTS,JADE COURT,"add=paon,steet "
RG14 7RP,THE STARTING GATE,STARTING GATE,
RH19 3RS,OLD CONVEN,THE OLD CONVENT,
ST15 0DZ,FILLYBROOK CLOSE,FILLYBROOKS CLOSE,
SW6 7QX,AINTREE ESTATE,AINTREE STREET,"paon,street=add1"
TN9 1HS,CASTLE FIELD,CASTLE FIELDS,
AL3 5PL,HARRIETS HEIGHTS,HARRIET HEIGHTS,paon=add1
B31 1UR,BOURNE AVENUE,BOURN AVENUE,
BA21 5ES,JELLICO ROAD,JELLICOE ROAD,"paon,street=add1"
CB4 2XD,PARGRAM WAY,PAGRAM WAY,paon street=add1
CM14 5EJ,HESELTINE HOUSES,HESELTINE HOUSE,
CW2 6BQ,WORDSELL CLOSE,WORSDELL CLOSE,
DE56 2AZ,OLD SCHOOL HOUSE COURT,OLD SCHOOL COURT,paon street=add1
LE65 1LF,COXON MEWS,COXONS MEWS,
NE12 9AY,EDWIN AVENUE,EDWINS AVENUE,"paon,street=add1"
NW8 7LG,ST. JAMES CLOSE,ST JAMES'S CLOSE ,
SG8 6ED,MOORLANDS,THE MOOR,
SN1 7AH,STONEHENGE HOUSE,STONEHENGE ROAD,
TR11 3DF,PIER APARTMENTS,THE PIER APARTMENTS,paon=add1
WR9 7BG,LYTTLETON COURT,LYTTELTON COURT,
WV4 6QL,FARRINGTON DRIVE,FARRINGTON ROAD,
B98 9JR,HAWKSBURY CLOSE,HAWKESBURY CLOSE,
DY3 1UQ,JOCKEY FIELDS,JOCKEY FIELD,
DY3 2DH,HILARY CREST,HILLARY CREST ,
EX15 1FR,MILLENNIUM WAY,MILLENIUM WAY,
HP21 7FX,VERIDIAN SQUARE,VIRIDIAN SQUARE,
NW6 5UG,GOLDSMITH PLACE,GOLDSMITHS PLACE,
OL5 0EX,CHAPEL STREET,CHAPEL COURT,
ST19 5FF,HARDING MEWS,HARDINGS MEWS,
UB10 0SL,HEATH COURT,HEATH ROAD,no mistake
CO4 0BA,KING COEL PLACE,KING COLE PLACE,
LS29 6FS,BRUNSTALL CRESCENT,BURNSTALL CRESCENT,
CO4 5TZ,ST. JAMES PLACE,ST JAMES PLACE,
SK6 6BW,ROSE COTTAGE,ROSE COTTAGES,"add=paon,street,locality/add1+add2=paon,street"
RG19 8FA,CAPABLITY WAY,CAPABILITY WAY,"paon,street=add1"
BS16 1G,LONG WOOD MEADOW,LONG WOOD MEADOWS,"paon,street=add1"
DE22 1BW,PARK DRIVE,HIGHFIELDS PARK DRIVE,
EX2 7FP,JACK SADDLER WAY,JACK SADLER WAY,
LA15 8RU,CLEATOR STREET,CLEATER STREET,"paon,street=add1"
OL9 9GH,BROOMES PARK,BROOMS PARK,"paon,street=add1"
SY1 2UT,LABURNAM GROVE,LABURNUM GROVE,paon street=add1
WF15 8ND,WALTON HEIGHTS,WALTONS HEIGHTS,
BD12 7AF,FROGMORE AVENUE,FROGMOOR AVENUE,paon street=add1
CM14 4RJ,LITTLE HIGHWOOD,LITTLE HIGHWOOD WAY,
CM8 2SN,LONGFIELDS,LONGFIELD,
CV22 7XF,SIGWELLS ROAD,SIGWELS ROAD,
DN18 5GW,CLIPSON CRESCENT,CLIPSON CREST,
GL2 2AY,LYNEHAM DRIVE,LYNEHAM DRIVE KINGSWAY,
MK12 5GE,TWISTLETON HEATH,TWISELTON HEATH,
MK43 0YA,RIDGEWAY ROAD,RIDGWAY ROAD,
NG10 1FP,CO-OPERATIVE STREET,CO OPERATIVE STREET,
NG15 7AJ,CO-OPERATIVE AVENUE,CO  OPERATIVE AVENUE,
NG17 3HB,CO-OPERATIVE STREET,CO OPERATIVE STREET,
NR5 0GB,DOCTOR TORRENS WAY,DR TORRENS WAY,
PL26 7ND,CREAK-A-VOSE PARK,CREAK A VOSE PARK,
RH14 9GW,BLACKTHORN WAY,BLACKTHORN AVENUE,
S63 9HN,CO-OPERATIVE STREET,CO  OPERATIVE STREET,
TA2 8FJ,HALLETS ROAD,HALLETTS ROAD,
TW16 6BD,NETTLEFORD PLACE,NETTLEFOLD PLACE,
WA2 7ES,KIVERTON WAY,KIVETON WALK,
WA8 3AH,DOROTHEA CLOSE,DOROTHEA CRESCENT,
WA8 3AL,HONEY SPOT GROVE,HONEY SPOT CRESCENT,
WF10 5QZ,BLENHIEM WAY,BLENHEIM WAY,
WN8 6DG,DE HAVILAND WAY,DE-HAVILAND WAY,
YO8 8SA,GERMAINE CLOSE,GERMAIN CLOSE,
B90 1TS,GRIFFINS LANE,GRIFFIN LANE,
BA15 1QE,BUDBURY TYNINGS,BUDBURY TYNING,
BD10 9FG,ROSEDALE FORD,ROSEDALE FOLD,
BN43 5GZ,THE LYNCHETTE,THE LYNCHETTS,
CT14 9QZ,CHURCH MEADOW,CHURCH MEADOWS,
CV5 9HU,SHERRINGTON AVENUE,SHERINGTON AVENUE,
DN15 8EG, HERRIOTT WALK,HERRIOT WALK,
DN20 8QN,OLD SCHOOL LANE,OLD SCHOOL CLOSE  ,
EX5 7FG,TREMLETT MEADOWS,TREMLETT MEADOW,
GU16 6EF,HAZELWOOD DRIVE,HAZLEWOOD DRIVE,
HP21 9FN,GWENDOLYN BUCK DRIVE,GWENDOLINE BUCK DRIVE,
IP28 8GL,CROCUS DRIVE,CROCUS CLOSE,
IP32 6BF,STEPHENSONS PLACE,STEPHENSON PLACE ,
LE2 3LH,RIDGEWAY ROAD,RIDGWAY ROAD,
LE7 9FX,ELLIOTS END,ELLIOTTS END,
LU2 9SR,LINDSAY ROAD,LINDSEY ROAD,
ME3 9FX,GELDER ROSE DRIVE,GUELDER ROSE DRIVE,
NE13 9BE,PRENDWICK WAY,PRENDWICK AVENUE,
NR14 7WN,COLLINGSWOOD CLOSE,COLLINGWOOD CLOSE,
NR4 7NA,RAVEN COURT,RAVEN CROFT,
PE19 6AZ,ALLSOP WAY,ALSOP WAY,
PL19 9FX,KESTRAL PARK,KESTREL PARK,
RG12 9NF,TYPHONE CLOSE,TYPHOON CLOSE,
RG24 9QE,ST. ANNES GARDENS,ST ANNE GARDENS ,
SK17 6DW,SPRINGDALES,SPRINGDALE,
SN16 9GX,AVENUE DE GEIN,AVENUE DE GIEN,
TA1 5FA,SHUTEWATER STREET,SHUTEWATER ORCHARD,
TF2 9FD,HOLBORN CRESCENT,HOLBOURN CRESCENT,
TR14 7ST,TREGREA ESTATE,TREGREA,
WF4 3GA,HASELGRAVE PARK,HASLEGRAVE PARK,
WR5 3AW,RANSOME AVENUE,RANSOM AVENUE,
AL10 0FH,COOMBE COURT,COOMBE CLOSE,
COOMBE CLOSE,BATCHWDOOD DRIVE,BATCHWOOD DRIVE ,
AL5 3BD,HANOVER GRANGE,HANOVER GRANGE ROUNDWOOD LANE ,
B29 6FP,MEADOW VIEW,MEADOWS DRIVE,
B32 4EJ,VINNAL GROVE,VINNALL GROVE,
B37 5AD,PIGGOTTS CROFT,PIGGOTS CROFT,
B46 2NQ,SADDLERS MEADOW,SADLERS MEADOW,
B46 3AP,DE MONTFORTE MEWS,DE MONTFORT MEWS,
B47 5QT,HAWTHORN DRIVE, HAWTHORNE DRIVE,
B61 0NE,SPENCER WALK,SPENSER WALK,
B61 0NF,SPENCER WALK,SPENSER WALK,
B62 8LL,COCKSHED LANE,COCKSHEDS LANE,
B66 1DN,ST. GEORGES DRIVE,ST GEORGE DRIVE,
B73 6DF,THOMAS DE BEAUCHAMP LANE,THOMAS DE BEAUCHAMPS LANE,
B77 2SE,LYNCHGATE CLOSE,LYCHGATE CLOSE,
B77 3JA,INGRAM PIT LANE,INGRAMS PIT LANE,
B95 5GB,WILLIAMS JAMES WAY,WILLIAM JAMES WAY,
B97 6BF,ALMONDSBURY CLOSE,ALDERSGATE WAY,
BA11 2JG,CHAMPNEYS ROAD,CHAMPNEY ROAD,
BA12 9BU,FURLONG,THE FURLONG,
BA21 5EH,COLLINGWOOD,COLLINGWOOD ROAD,
BA22 8DB,COOPER BARNS,COOPERS BARNS ,
BA22 8NB,ABBOTS ROAD,ABBOTTS ROAD,
BA22 8SH,RITCHIE ROAD,RICHIE ROAD,
BA22 8TX,COATHAYS,COATHAY,
BA3 2RW,BUSHY COMBE,BUSHY COOMBE,
BA3 3FQ,ST. PETERS GLADE,ST PETER'S GLADE,
BA4 4FP,THE CANARIES PATH,CANARIES PATH,
BA5 1UQ,GREEN PLACE,GREENS PLACE,
BB11 3HS,ST. STEPHEN CRESCENT,ST STEPHENS CRESCENT,
BB18 5HP,THE BUTTS,BUTTS,
BB2 4FS,WAGSTAFFE CLOSE,WAGSTAFF CLOSE,
BB3 3FN,WESTALL GARDENS,WESTHALL GARDENS,
BB4 8HD,ROCKCLIFFE STREET,ROCKLIFFE STREET,
BB5 4JR,ST. JAMES'S MEWS,ST JAMES MEWS,
BB5 5DJ,WHITTLEWOOD DRIVE,WITTLEWOOD DRIVE,
BB5 6TN,SEDBERGH CLOSE,SEDBURGH CLOSE,
BB6 7BW,ST. EDMUND STREET,ST EDMUNDS STREET,
BB7 9UG,WOODLAND PARK,WOODLANDS PARK,
BB7 9UG,WOODLANDS PARK,WOODLAND PARK,
BB8 8RX,CLOGG HEAD,CLOGG HEADS,
BB9 9AS,HARDACRE,HARDACRE CLOSE,
BD10 9FH,SEDBERGH CLOSE,SEDBURGH CLOSE,
BD12 7HG,CHATS WOOD FOLD,CHATTS WOOD FOLD,
BD20 5TN,HARTLEYS SQUARE,HARTLEY SQUARE,
BD22 0BR,CARR MEADOW,CARR MEADOWS,
BD23 5AB,BROWN FOL,BROWNS FOLD,
BD24 0EH,NEWBERY CLOSE,NEWBERRY CLOSE,
BD5 9AQ,CARR BOTTOM ROAD,CARRBOTTOM GROVE,
BD5 9BE,CARR BOTTOM AVE,CARR BOTTOM AVENUE,
BD6 3SU,ST. AIDANS CLOSE,ST ADIANS CLOSE,
BD9 5AP,BRIDGWATER ROAD,BRIDGEWATER ROAD,
BH16 6FD,HANN GARDENS,HANN GARDEN,
BH19 2SZ,BENLEASE WAY,BENLEAZE WAY,
BH21 1RY,MERELY LANE,MERLEY LANE,
BH21 7HN,MATTERLY COTTAGES,MATTERLEY COTTAGES,paon=add1
BH25 5AU,MOLYNEAUX ROAD,MOLYNEUX ROAD,
BL5 2QD,ROSCOE COURT,ROSCOES COURT,
BL5 3LF,CHURNET CLOSE,CHURNETT CLOSE,
BN17 5RY,BN17 5RY,THE HAMLET,
BN17 6FD,OLIVER ACRE,OLLIVER ACRE,
BN27 1FE,BOWLINE DRIVE,BEARSTED VIEWS,
BN27 1NU,UPPER HORSEBRIDGE,UPPER HORSEBRIDGE ROAD,
BN27 1NX,UPPER HORSEBRIDGE,UPPER HORSEBRIDGE ROAD,
BN27 3BD,UPPER HORSEBRIDGE,UPPER HORSEBRIDGE ROAD,
BN5 9HU,WOOLVENS ROW,WOOLVEN ROW,
BN6 8UT,NEVILLE COTTAGES,NEVILL COTTAGES,
BR2 9GN,HAWKESMOOR GROVE,HAWKSMOOR GROVE,
BR5 1FD,ROESEL GARDENS,ROESEL PLACE,
BR5 2LG,MILLFIELD COTTAGES,MILLFIELDS COTTAGES,
BS11 0LD,CAMPBELLS FARM DRIVE,CAMPBELL FARM DRIVE,
BS11 9UG,LABURNUM MEWS,LABURNHAM MEWS ,
BS16 7GE,NEWLANDS DRIVE,NEWLANDS LANE,
BS16 9SZ,HAWTHORN CLOSE,HAWTHORNE CLOSE,
BS26 2QZ,BADGEWORTH COURT,BADGWORTH COURT,
BS31 1BJ,HARRIETTS YARD,HARRIETS YARD,
BS34 5FW,GASCOIGNS WAY,GASCOIGNE WAY,
BS34 8RY,RIVIERA WAY,RIVERIA WAY,
BS37 4LE,HARDWICK,HARDWICKE,
BS37 4LF,HARDWICK,HARDWICKE,
BS39 7AQ,BARTON WELLS,BARTON WELL,
BS49 4HZ,BARNARD CLOSE,BARNARDS CLOSE,
CA10 1NQ,LOW MILL COTTAGE,LOW MILL,
CA13 9FD,GRAYSON CLOSE,GRAYSONS CLOSE,
CA13 9JP,TANYARD STABLES,TANYARD GARTH,
CA16 6PD,CHESTER COTTAGES,CHESTER COTTAGE,
CA2 7GU,NEWTON MEADOWS,NEWTOWN MEADOWS,
CA28 9BT,ELLISONS PLACE,ELLISON PLACE,
CB1 3JN,QUEENS MEADOWS,QUEENS MEADOW,
CB23 6EE,ALBERMARLE ROAD,ALBEMARLE ROAD,
CB4 2DR,WYNBOURNE CLOSE,WYNBORNE CLOSE,
CB7 5ZJ,DOBEBE WAY,DOBEDE WAY,
CB8 0FH,ABERNANT WAY,ABERNANT DRIVE,
CB8 0SA,ENGLHARD ROAD,ENGELHARD ROAD,
CB8 0ST,BEAVORBROOK ROAD,BEAVERBROOK ROAD ,
CB9 7BH,BLOOMSFIELD ROAD,BLOOMFIELD ROAD,
CB9 8JR,CLEMENTS LANE,OLD CLEMENTS LANE,
CH1 6BW,WILLOW HEY,WILLOW HAY,
CH3 5NZ,ETTERICK PARK,ETTRICK PARK,
ETTRICK PARK,GREYSTONES ROAD,GREYSTONE ROAD,
CH3 8EF,BY-PASS ROAD,BYE PASS ROAD,
CH42 0HY,CHARLCOMBE STREET,CHARLECOMBE STREET,
CH45 4PU,BOWDON ROAD,BOWDEN ROAD,
CH62 1DE,POLLIT SQUARE,POLLITT SQUARE,
CH63 0EA,GREENACRES DRIVE,GREENACRE DRIVE,
CH63 8QH,MILLBUT CLOSE,MILLBUTT CLOSE,
CM17 0AD,THE SEELEYS,SEELEYS,
CM17 9BL,THE SWEYNS,SWEYNS,
CM20 1AW,TORKILDSEN WAY,TORKILSDEN WAY,
CM20 1PG,HORNBEAMS,THE HORNBEAMS,
CM20 1PJ,HORNBEAMS,THE HORNBEAMS ,
CM20 1PN,HORNBEAMS,THE HORNBEAMS ,
CM20 1PQ,HORNBEAMS,THE HORNBEAMS,
CM20 1PW,HORNBEAMS,THE HORNBEAMS,
CM23 2GT,BISHOPS GRAY RISE,BISHOP GRAY RISE,
CM23 5TB,WRAGLINGS,THE WRAGLINGS,
CM24 8ED,POULTNEY ROAD,POULTENEY ROAD,
CM3 2JF,CO-OPERATIVE VILLAS,CO OPERATIVE VILLAS,
CM3 2NP,SPORTSMAN LANE,SPORTSMANS LANE,
CM5 0BQ,KIMPTON CLOSE,KIMPTONS CLOSE,
CM5 9BX,CLOVERLY ROAD,CLOVERLEY ROAD,
CM6 1GA,CLARENDON LANE,CLARENDON ROAD,
CM6 3GF,CANNON ROAD,CANON ROAD,
CM7 3NU,MARKS GARDEN,MARKS GARDENS,
CM7 4SY,WEDGWOOD END,WEDGEWOOD END,
CM77 8LW,DEWLANDS ESTATE,DEWLANDS,
CM9 4NA,ROOTHINGS,HE ROOTHINGS,
CM9 4UJ,LAKE MEADE,LAKE MEAD,
CO10 0YA,NICHOLSON COURT,NICHOLSONS COURT,
CO10 1AF,BENEDICTS CLOSE,ST BENEDICTS CLOSE,
CO14 8RD,ELLIOTTS DRIVE,ELLIOTS DRIVE,
CO14 8SQ,LOWES CHASE,LOWE CHASE,
CO15 2PN,MARLOW ROAD,MARLOW ROAD,
CO15 4EX,ABBOTTS CLOSE,ABBOTS CLOSE,
CO15 4PD,OSBOURNE CLOSE,OSBORNE CLOSE,
CO15 5HA,SEAFIELD GARDENS,SEAFIELDS GARDENS,
CO15 5HH,SEAFIELD GARDENS,SEAFIELDS GARDENS,
CO15 5TN,GRENDAL WAY,GRENDEL WAY,
CO2 7HH,LONGDRYVE,LONGEDRYVE ,
CO3 9UF,FIDDLERS FOLLEY,FIDDLERS FOLLY,
CO4 0BA,KING COEL PLACE,KING COLE PLACE,
CO9 4QJ,CARLTON CLOSE,CARLETON CLOSE,
CR0 4RZ,WRANGTHORNE WALK,WRANGTHORN WALK,
CT1 3US,MILLWRIGHT MEWS,MILLWRIGHTS MEWS,
CT14 9QY,CHURCH MEADOW,CHURCH MEADOWS ,
CT3 3FA,BERESFORD DRIVE,BERESFORD GROV,
CT3 3FB,BERESFORD DRIVE,BERESFORD GROVE,
CT4 7JP,DE-L'ANGLE ROW,DE LANGLE ROW,
CT6 7LJ,BUSHEYFIELD ROAD,BUSHEYFIELDS ROAD,
CV1 4HA,CABLE YARD,THE CABLE YARD,
CV1 4HT,GEORGE ELLIOT ROAD,GEORGE ELIOT ROAD,
CV1 4HU,GEORGE ELLIOT ROAD,GEORGE ELIOT ROAD,
CV10 8AZ,CULPEPER CLOSE,CULPEPPER CLOSE,
CV10 9FB,COPPER BEACH ROAD,COPPER BEECH ROAD ,
CV2 2NS,MERRYFIELD WAY,MERRYFIELDS WAY,
CV2 3AL,LAMMERTON CLOSE,LAMERTON CLOSE,
CV2 3HA,LITTLE FIELDS,LITTLE FIELD ,
CV2 3HB,LITTLE FIELDS,LITTLE FIELD,
CV2 4RA,DUKE BARN FIELDS,DUKE BARN FIELD ,
CV21 1FN,LYTTLETON CLOSE,LYTTELTON CLOSE,
CV3 1JX,ARABELLA WALK,ANGELL DRIVE,
CV3 1PD,DRAGOON WAY,DRAGOON ROAD,
CV3 5ET,THE COUNTESS CROFT,THE COUNTESSS CROFT,
CV34 6LN,HARDWICK FIELD GREEN,HARDWICK FIELD LANE,
CV35 7AG,ST. LAWRENCE CLOSE,ST LAURENCE CLOSE,
CV37 8ST,EDMUNDS CLOSE,EDMONDS CLOSE,
CV4 8BS,FOUNDERS CLOSE,FOUNDER CLOSE,
CV4 8FR,TEMPLARS FIELD,TEMPLARS FIELDS,
CV4 8LL,DOWNEY BIRCH,DOWNY BIRCH,
CV4 9HE,TREMELAY DRIVE,TREMELAY CLOSE,
CV4 9NS,BUSHBERRY AVENUE,BUSHBERY AVENUE,
CV5 9PJ,BURLEYWOOD CLOSE,BURLYWOOD CLOSE,
CV6 2HZ,CHARLECOTE ROAD,CHARLCOTE ROAD ,
CV6 6FQ,ALEXANDER TERRACE,ALEXANDRA TERRACE,
CV6 6PW,COOK CLOSE,COOKE CLOSE,
CV7 8NA,LE HAUNCHE CLOSE,LE HANCHE CLOSE,
CV8 3FG,HANDLEY CLOSE,HANDLEYS CLOSE,
CW1 4FR,RUSSETT CLOSE,RUSSET CLOSE,
CW12 1HX,SPRINGFIELD DRIVE,SPRINGFIELDS DRIVE,
CW12 1LN,WOODLAND AVENUE,WOODLANDS AVENUE,
CW12 4GZ,MEADOWFIELDS CRESCENT,MEADOWFIELD CRESCENT,
CW3 0AF,ALDELYME,ALDELYME COURT,
CW4 7QD,HAWTHORN CLOSE,HAWTHORNE CLOSE,
CW5 6EN,GERARDS GARDEN,GERARDS GARDENS,
CW5 6HZ,HAWTHORNE AVENUE,HAWTHORN AVENUE,
CW7 1HH,LOWER HAIG STREET,LOWER HAIGH STREET,
CW9 7YE,PAVILLION WAY,PAVILION WAY,
CW9 8WZ,MOOR-PARK WAY,MOOR PARK WAY,
DA1 4FX,SIDDELEY ROAD,PEPPIATT CLOSE,
DA1 5GR,CROSSENER PLACE,CRESSENER PLACE,
DA1 5TE,CLAREMONT MEWS,CLAREMONT PLACE,
DA12 5LD,HAWTHORNE CLOSE,HAWTHORN CLOSE,
DA14 5LD,BULLARS CLOSE,BULLERS CLOSE,
DA16 1AU,ELMSTEAD CRESCENT,ELMSTED CRESCENT ,
DA3 7AW,IGTHAM CLOSE,IGHTHAM CLOSE,
DA9 9GZ,LIVERYMAN WALK,LIVERYMEN WALK,
DE11 9TH,PORTSMOUTH ROAD,PORTSMOUTH CLOSE,
DE12 7QA,RAMSCLIFFE AVENUE,RAMSCLIFF AVENUE,
DE14 3JH,BRIDGEFORD AVENUE,BRIDGFORD AVENUE,
DE3 9DH,MADALENE DRIVE,MAGDALENE DRIVE,
DE4 2FD,RYCROFT,RYECROFT,
DE4 3QN,HAWTHORNE DRIVE,HAWTHORN DRIVE,
DE4 4DS,ST. JOHNS STREET,ST JOHN STREET,
DE45 1AZ,CATCLIFFE CLOSE,CATCLIFF CLOSE,
DE45 1QN,HIGHFIELD,HIGHFIELDS,
DE5 8JF,UPPER MAREHAY,UPPER MAREHAY ROAD ,
DE55 1HB,ALTHORPE CLOSE,ALTHORP CLOSE,
DE55 4AW,WELLBECK CLOSE,WELBECK CLOSE,
DE55 5LD,CHRUCH VIEW,CHURCH VIEW,
DE55 5LU,LATHKILL GROVE,LATHKIL GROVE,
DE65 5LN,WINDERMERE CLOSE,WINDERMERE DRIVE,
DE65 6NP,EGGINGTON ROAD,EGGINTON ROAD,
DE7 6NN,BURCOTT CLOSE,BURCOT CLOSE,
DE72 2BQ,KINGS MILLS LANE,KINGS MILL LAN,
DE74 2WA,LIGHTENING LANE,LIGHTNING LANE,
DH2 2XD,OAKFIELDS,OAKFIELD,
DH3 2LE,KIRKSTON,KIRKSTONE,
DH6 2YH,WELLBURN CLOSE,WELBURN CLOSE,
DH7 6JH,ELLIOT STREET,ELLIOTT STREET,
DH7 8UJ,MORLEY WOODS CLOSE,MORLEY WOOD CLOSE,
DH8 6GA,STEADINGS COURT,STEADING COURT,
DH8 7EQ,THE CHEQURES,THE CHEQUERS,
DH8 8HX,DORSET CRESENT,DORSET CRESCENT,
DH8 8HY,DORSET CRECSENT,DORSET CRESCENT,
DH9 0UT,ST. HELIER WAY,ST HELIERS WAY,
DH9 9NF,SYDNEY TERRACE,SIDNEY TERRACE,
DL1 2DH,BISHOP CLOSE,BISHOPS CLOSE,
DL10 7RT,GARTH MEADOW,GARTH MEADOWS,
DL13 3PT,SOUTH VIEW COTTAGES,SOUTH VIEW,
DL14 6HA,CRADDOCK STREET,CRADOCK STREET,
DL14 6HB,CRADDOCK STREET,CRADOCK STREET,
DL14 8UL,RANDOLF STREET,RANDOLPH STREET,
DL14 9DS,BYLANDS CLOSE,BYLAND CLOSE,
DL14 9GA,MATHEWS DRIVE,MATTHEWS DRIVE,
DL14 9RR,DELEWARE AVENUE,DELAWARE AVENUE,
DL15 0AF,WOODLAND CLOSE,WOODLANDS CLOSE,
DL15 9DA,OSBOURNE GARDENS,OSBORNE GARDENS,
DL16 7BH,WHITWORTH MEADOW,WHITWORTH MEADOWS,
DL16 7BY,MALBERRY DRIVE,MULBERRY DRIVE,
DL2 2FN,WILDAIR,WILDAIR CLOSE,
DL5 6TA,FORESTERS PATH,FORRESTERS PATH,
DL5 7NB,RYLESTONE CLOSE,RYLSTONE CLOSE,
DL8 1BD,THE NEWSTEADS,NEWSTEADS,
DL8 5DT,MAYTHORNE ESTATE,MAYTHORNE,
DL8 5DU,MAYTHORNE ESTATE,MAYTHORNE,
DN14 6EF,SPENCER STREET,SPENSER STREET,
DN17 1BU,WOODLANDS GARDENS,WOODLAND GARDENS,
DN17 1JF,ABBOTTS ROAD,ABBOTS ROAD,
DN17 1JG,ABBOTTS ROAD,ABBOTS ROAD,
DN18 6HG,FARISHES LANE,FARRISHES LANE,
DN20 0HS,ST. BERNARD CLOSE,ST BERNARDS CLOSE,
DN21 1ZH,PILGRIM APPROACH,PILGRIMS APPROACH,
DN21 4LJ,FUSLIER WAY,FUSLIER WAY,
DN34 5UW,HARLSTONE COURT,HARLESTONE COURT,
DN37 0HL,ATKINSONS LANE,ATKINSON LANE,
DN37 7FH,LAURIDSON CLOSE,LAURIDSTON CLOSE,
DN37 9AX,HILARY WAY,HILLARY WAY,
DN4 5BZ,CHILDER STREET,CHILDERS STREET,
DN4 5QB,GILWICE WAY,GLIWICE WAY,
DN8 4NB,HAIGH ROAD,HAIG ROAD,
DT10 1DE,LANE-FOX TERRACE,LANE FOX TERRACE,
DT11 0QZ,COOKSWELL,COOKSWELL ROAD,
DT11 9FB,WINTERBOURNE MEADOWS,WINTERBORNE MEADOWS,
DT4 9NP,FLEET VIEW ROAD,FLEET VIEW,
DT5 2EF,SOUTHWELL STREET,SOUTHWELL,
DY10 2DF,TRINITY FIELDS,TRINITY FIELD,
DY12 1RZ,ARLEY LANE HOUSES,ARLEY LANE,
EN1 3NB,CARISBROOKE CLOSE,CARISBROOK CLOSE,
EN10 7LD,ST. CATHERINES ROAD,ST CATHARINES ROAD,
EN10 7LG,ST. CATHERINES ROAD,ST CATHARINES ROAD,
EN11 0RU,LILLIARDS CLOSE,LILLIARDS CLOSE,
EN11 8AS,THE MEADWAY,MEADWAY,
EN3 5FA,NOAHS CLOSE,NOAH CLOSE,
EN3 7FH,MAGENTIC CRESCENT,MAGNETIC CRESCENT,
EN5 2UD,CROCUS FIELDS,CROCUS FIELD,
EN7 6JX,HARKNESS,HARKNESS ROSEDALE,
EN7 6JY,HARKNESS ROSEDALE,HARKNESS,
EN8 0FD,MAGNOLIA WALK, MAGNOLIA WAY,
EN8 0PT,BROOKFIELD LANE,BROOKFIELD LANE EAST,
EN8 0UQ,SAUNDER CLOSE,SAUNDERS CLOSE,
EN9 3DW,MILHOO COURT,MILLHOO COURT,
EX14 9SX,FOUR ACRE CLOSE,FOUR ACRES CLOSE,
EX15 1HF,NEW CUT,THE NEW CUT,
EX16 4NF,THE FAIRWAY,FAIRWAY,
EX16 4NN,CROSSPARK,CROSSPARKS,
EX16 5HH,RACKFIELDS,RACKFIELD ,
EX17 4HB,WHITECROSS HOUSES,WHITE CROSS,
EX17 5JJ,BELLINNGATE,BELLINGATE,
EX18 7BQ,LANGLEY,LANGLEY VIEW,
EX2 7SF,SANDS GROVE,SAND GROVE,
EX2 9JE,ST. HILL CLOSE,SAINT HILL CLOSE,
EX22 6FN,KINGDOM WAY,KINGDON WAY,
EX23 0DR,BANGORS ESTATE,BANGORS GREEN,
EX34 7HN,WILLINGCOTT VALLEY,WILLINGCOTT VILLAGE,
EX34 8RE,THE LEES,THE LEAS,
EX34 9AY,MARKET STREET,MARKET STREET MEWS,
EX35 6AJ,ABBEYFIELD COURT,ABBEY COURT,
EX38 7BX,PATHFIELDS,PATHFIELD ,
EX39 6HZ,CHUBBY CROFT,CHUBBY CROFT CLOSE,
FY3 9DX,MARLBORO ROAD,MARLBOROUGH ROAD,
FY5 4GQ,HAWTHORNE DRIVE,HAWTHORN DRIVE,
FY5 4GU,HAWTHORNE DRIVE,HAWTHORN DRIVE,
GL10 2PH,RYLANDS CLOSE,RYELANDS CLOSE,
GL10 2QF,QUEENS ROAD,UPPER QUEENS ROAD,
GL12 8HT,WOODLANDS ROAD,WOODLAND ROAD,
GL14 2LL,ASHDENE,ASHDEAN,
GL14 3ED,COOMBE DRIVE,COOMB DRIVE,
GL14 3GA,SNEYD WOOD,SNEYD WOOD ROAD,
GL14 3GB,WELLINGTON GROVE,WELLINGTONS GROVE,
GL14 3GD,SNEYD WOOD,SNEYD WOOD ROAD,
GL14 3GE,LIMEKILN CLOSE,LIMEKILNS CLOSE,
GL2 0TB,BRUNEL COURT,BRUNEL CLOSE,
GL2 2AW,LYNEHAM DRIVE,LYNEHAM DRIVE KINGSWAY,
GL2 2DN,THATCHAM AVENUE,THATCHAM AVENUE KINGSWAY,
GL2 2EQ,STRAFFORD CLOSE KINGSWAY,STAFFORD CLOSE KINGSWAY,
GL2 2FH,LECONSFIELD DRIVE,LECONFIELD DRIVE KINGSWAY,
GL3 4FB,SAPHIRE WAY,SAPPHIRE WAY,
GL4 0QS,SEDGELEY CLOSE,SEDGLEY CLOSE,
GL4 3SA,THE GREENWAYS,GREENWAYS,
GL5 3PG,HILL CLOSE,HILLCLOSE ESTATE,
GL5 4LU,MOSELEY ROAD,MOSLEY ROAD,
GL50 2BP,ST. PHILLIPS STREET,ST PHILIPS STREET ,
GL50 2BP,ST. PHILIPS STREET,ST PHILLIPS STREET,
GL52 5GF,BICKNOR ROAD,BICKNOR DRIVE,
GL54 1LH,RECTORY BARNS,RECTORY CLOSE,
GL56 9NH,NUSERY CLOSE,NURSERY CLOSE,
GL56 9RS,JOHN WOOLF COURT,JOHN WOOLFE COURT,
GL6 9AL,IRON MILL COTTAGES,IRON MILLS,
GL7 3DB,ABBOTTS WALK,ABBOTS WALK,
GU12 4BT,BRAKESPEAR TERRACE,BREAKSPEAR TERRACE,
GU17 0HJ,BINSTED DRIVE,BINSTEAD DRIVE,
GU29 9FF,PERCEVEL CLOSE,PERCEVAL CLOSE,
GU32 2HF,BELVERDERE PLACE ROAD,BELVERDERE PLACE,
GU34 2JT,LINNET WAY,LINNETS WAY ,
GU34 4DZ,THE GRANGE,GRANGE GARDENS,
HA8 9YW,TRUMAN CLOSE,TRUEMAN CLOSE,
HD1 4NS,ABBOTT STREET,ABBOT STREET,
HD3 3ZZ,PLOVER MILLS,PLOVER ROAD,
HD3 4PF,LIPSCOMBE STREET,LIPSCOMB STREET,
HD5 8DT,EARLS AVENUE,EARLES AVENUE,
HD7 4EU,UPPER WELLHOUSE,UPPER WELLHOUSE ROAD,
HD7 4RN,VINEYARD LEYMOOR ROAD,VINEYARD,
HD7 5TP,SLADES,SLAIDS,
HD8 0HF,LONGDEN AVENUE,LONGDON AVENUE,
HD8 0TJ,TURNSHAW AVENUE,TURNSHAWS  AVENUE,
HD8 8HN,WESTERLEY WAY,WESTERLY WAY,
HD9 5JS,MATHEW LANE,MATTHEW LANE,
HD9 7TX,CO-OP TERRACE,CO OP TERRACE,
HG1 4FA,SANDER WALK,SANDERS WALK,
HP19 9BL,WEDON PATH,WEEDON PATH,
HP19 9RS,WILMOTT CLOSE,WILLMOTT CLOSE,
HP2 4PR,GRAVELEY COURT,GRAVELY COURT,
HP2 6HP,SOUTH DEAN,SOUTH DENE,
HP21 9DZ,BRADDENHAM WALK,BRADENHAM WALK,
HP21 9FY,GWENDOLYN BUCK DRIVE,GWENDOLINE BUCK DRIVE,
HP23 6ER,BELLMERS ROAD,BELMERS ROAD,
HR2 0EG,GLEBE CLOSE,THE GLEBE CLOSE,
HR5 3GA,WALLS HILL CLOSE,WALL HILLS CLOSE ,
HR7 4EW,WESTFIELDS CLOSE,WESTFIELD CLOSE,
HR8 2DQ,HURCHILL MEADOWS,CHURCHILL MEADOW ,
HU10 6DE,GREAT GUTTER LANE,GREAT GUTTER LANE EAST,
HU12 8FR,POLLARD CLOSE,POLLARDS CLOSE,
HU15 2QW,CLAYTON FOLD,CLAYTONS FOLD,
HU17 7SZ,ASPEN CLOSE,ASPEN WAY ,
HU17 9EH,NEW WALKERGATE,WALKERGATE,
HU18 1DH,RAWSONS WAY,RAWSON WAY ,
HU3 6PQ,ROSEBURY STREET,ROSEBERY STREET,
HU4 6BQ,BLACK & AMBER WAY,BLACK AND AMBER WAY,
HU7 3GN,HALL LEYS PARK,LOSELEY PARK,
HU9 2LD,MORLEY VILLAS,MORLEYS VILLAS,
HU9 2QU,BELLE-VUE,BELLE VUE,
HX4 8QL,CROSSFIELD CLOSE,CROSSFIELDS CLOSE,
HX6 3NN,HOLLINS STREET,HOLLIN STREET,
IG10 3RS,LADYFIELD CLOSE,LADYFIELDS CLOSE,
IG6 1FU,BARNADO VILLAGE WALK,BARNARDO VILLAGE WALK,
IG6 2FH,GREENSIDE CLOSE,GREENSIDE CLOSE FENCEPIECE ROAD ,
IP15 5DR,COASTGUARDS COURT,COASTGUARD COURT,
IP24 1JQ,WOODLAND CLOSE,WOODLANDS CLOSE ,
IP25 6FH,STERLING ROAD,STIRLING ROAD,
IP25 7HG,MILLVIEW ESTATE,MILLVIEW,
IP28 8GA,RUSSETT DRIVE,RUSSET DRIVE,
IP31 3QP,JACOBS CLOSE,JACOB CLOSE,
IP4 2GH,PERMAIN LANE,PEARMAIN LANE,
IP5 2QT,GIFFORDS CLOSE,GIFFORD CLOSE,
KT15 3EQ,FULBROOK AVENUE,FULLBROOK AVENUE ,
KT16 0HW,MURRAY HOUSES,MURRAY HOUSE,
L26 9YH,WINTERLEA DRIVE,WINTERLEY DRIVE,
L34 2SY,HAWTHORNE ROAD,HAWTHORN ROAD,
L34 5ND,SPEAKMAN GARDENS,SPEAKMAN WAY,
L39 4AE,SPINNERS MEW,SPINNER MEWS,
L39 7LD,JACKSON CLOSE,JACKSONS CLOSE,
LA15 8SA,HIGH CLEATOR STREET,HIGH CLEATER STREET,
LA15 8SB,HIGH CLEATOR STREET,HIGH CLEATER STREET,
LA15 8XE,BAYCLIFF DRIVE,BAYCLIFFE DRIVE,
LA3 1SB,CLARENDON ROAD,CLARENDON ROAD WEST,
LA3 1SD,CLARENDON ROAD,CLARENDON ROAD WEST,
LA3 2LH,BRAMBLING CLOSE,BRAMBLING DRIVE,
LA4 4HR,CLARENDON ROAD,CLARENDON ROAD EAST,
LA4 4HT,CLARENDON ROAD,CLARENDON ROAD WEST,
LA4 5HE,MORECAMBE STREET,MORECAMBE STREET,
LA6 1HY,ST. JAMES DRIVE,ST JAMES'S DRIVE,
LE10 0SQ,BEARSDON CRESCENT,BEARSDEN CRESCENT,
LE12 5AY,MANTLECROFT DRIVE,MANTELCROFT DRIVE,
LE12 5TS,ST. PHILLIPS ROAD,ST PHILIPS ROAD,
LE12 9AR,OAKLEY ESTATE,OAKLEY ESTATE OAKLEY AVENUE,
LE12 9BX,CHALLOTTE,CHALLOTTEE,
LE12 9TS,SADDLERS WELLS,SADLERS WELLS,
LE12 9UN,PRESENT LANE,PRESENTS LANE,
LE13 1EQ,WYCOMBE GROVE,WYCOMB GROVE,
LE14 2DE,BAKER LANE,BAKERS LANE,
LE14 3JE,POTTERS HILL,POTTER HILL,
LE14 3SJ,ROSEBERRY AVENUE,ROSEBERY AVENUE,
LE14 3UG,SARSONS CLOSE,SARSON CLOSE,
LE14 3YT,ANTIL CLOSE,ANTILL CLOSE,
LE14 4BD,WALNUT PADDOCKS,WALNUT PADDOCK,
LE15 7FW,MARESFIELD WAY,MARESFIELD ROAD ,
LE16 7EQ,DOUGLAS DRIVE,DOUGLASS DRIVE,
LE16 7JA,RUSSET CLOSE,RUSSETT CLOSE,
LE19 2PW,MASON CLOSE,MASONS CLOSE ,
LE3 8FY,GOLDWORKING CRESCENT,GOLDWORKINGS CRESCENT,
LE4 3NS,HALLAM FIELD ROAD,HALLAM FIELDS ROAD,
LE5 1BE,SHARROW ROAD,SHAROW ROAD,
LE5 1BR,STILLINGTON CRESENT,STILLINGTON CRESCENT,
LE67 1GJ,CORNFIELD DRIVE,CORNFIELD CLOSE,
LE67 5BX,CRUSADER CLOSE,CRUSADERS CLOSE,
LE67 6HT,REDLAND ESTATE,REDLANDS ESTATE,
LE7 9RY,WINKDALE CLOSE,WINKADALE CLOSE,
LE8 4AJ,HAWTHORNE DRIVE,HAWTHORN DRIVE,
LE8 4AW,RIDLEY CLOSE,RIDLEYS CLOSE,
LE8 5UB,JUBLIEE WAY,JUBILEE WAY,
LE9 6NU,RICHARDSON CLOSE,RICHARDSONS CLOSE,
LE9 6XA,BELL CLOSE,BELLS CLOSE,
LE9 7EH,GREWCOCK PLACE,GREWCOCKS PLACE,
LE9 7JS,MONTGOMERY WALK,MONTGOMERY WALK MONTGOMERY ROAD,
LN1 2GN,NEWPORT CLOSE,NEWPORT FARM CLOSE,
LN1 2TL,POLYPLATT LANE,POLLYPLATT LANE,
LN10 6BP,ALDBURGH CLOSE,ALDEBURGH CLOSE,
LN10 6TF,TOR-O-MOOR ROAD,TOR O MOOR ROAD,
LN10 6UG,TOWER DRIVE,TOWER PLACE,
LN12 2HY,DE-LA-BERE AVENUE,DE LA BERE AVENUE,
LN2 4NY,POPLAR GROVE,POPLARS GROVE,
LN4 2RL,SIBTHORPE GARDENS,SIBTHORP GARDENS ,
LN4 4SH,ACKRELL CLOSE,ACKRILL CLOSE,
LN7 6RH,OLD FARM COURT,OLDE FARM COURT,
LS10 4FG,TWENTYMAN WALK,TWENTYMANS WALK,
LS10 4GT,WAGON ROAD,WAGGON ROAD,
LS14 5NZ,PENWELL GARTH,PENNWELL GARTH,
LS14 5PF,ST BENEDICTS MEWS,ST BENEDICT MEWS,
LS14 5QS,PENWELL GREEN,PENNWELL GREEN ,
LS14 5QT,GABRIEL COURT,ST GABRIEL COURT,
LS14 6FJ,FOUNDARY MILL STREET,FOUNDRY MILL STREET,
LS15 8FT,JENNIE BLACKMORE WAY,ENNIE BLACKAMORE WAY,
LS20 9LE,SPENCER ROAD,SPENCER ROAD,
LS22 4HS,NORTHGATE COTTAGE,NORTHGATE COTTAGES,PAON=ADD1
LS23 6DQ,LONSDALE MEADOWS,LONSDALE MEADOW,
LS24 9BB,GARNETT TERRACE,GARNET TERRACE,
LS25 2NB,INVARGARRY CLOSE,INVERGARRY CLOSE,
LS26 8GP,KIELDER WAY,KEILDER WAY,
LS28 5JA,STONY ROYD,STONEY ROYD,
LS28 5RL,WOODLANDS VIEW,WOODLAND VIEW,
LU2 9BN,NICHOLLS CLOSE,NICHOLS CLOSE,
LU3 4AE,SORRELL CLOSE,SORREL CLOSE,
LU4 9LQ,LEAGRAVE HIGH STREET,HIGH STREET,
LU6 3FJ,FOSSETT GROVE,FOSSET GROVE,
LU7 4UT,ELLIOT WAY,ELLIOTT WAY,
M12 5TG,WENTLOCK WAY,WENLOCK WAY,
M18 7TJ,BRAITHEWAITE ROAD,BRAITHWAITE ROAD,
M18 7TL,FLYDE LANE,FYLDE LANE,
M26 4JY,BURY & BOLTON ROAD,BURY AND BOLTON ROAD,
M26 4LD,BURY & BOLTON ROAD,BURY AND BOLTON ROAD,
M26 4LF,BURY & BOLTON ROAD,BURY AND BOLTON ROAD,
M26 4LJ,BURY & BOLTON ROAD,BURY AND BOLTON ROAD,
M29 8PP,SHERRIFFS DRIVE,SHERIFFS DRIVE,
M34 3RQ,CATHERINE STREET EAST,CATHRINE STREET EAST,
M41 6LH,WYNDCLIFF DRIVE,WYNDCLIFFE DRIVE,
M46 0PT,CLEMENTS AVENUE,CLEMENT AVENUE,
ME12 4EW,HAZELDEAN CLOSE,HAZELDENE CLOSE,
ME13 8XU,BROGDALE FARM COTTAGE,BROGDALE FARM COTTAGES ,
ME13 9SS,SWEDISH HOUSE,SWEDISH HOUSES,
ME14 5GN,GROVEWOOD HOLT,GROVEWOOD HALT,
ME15 9US,HAZLITTS PLACE,HAZLITT PLACE ,
ME3 9JQ,CARILLION CLOSE,CARILLON CLOSE,
MK10 7AL,WENFORD DRIVE,WENFORD,
MK10 7AN,WENFORD DRIVE,WENFORD,
MK10 7FG,ARMADA AVENUE,ARMARDA AVENUE,
MK10 9SZ,POYNING WAY,POYNING LANE,
MK11 1DG,MALLETS CLOSE,MALLETTS CLOSE,
MK14 6FX,GARNET WAY,GARNETT WAY,
MK18 1TT,FOSCOT WAY,FOSCOTT WAY,
MK2 3EU,MENTIETH CLOSE,MENTEITH CLOS,
MK3 5FL,ST. HELENA AVENUE,ST HELENA AVENUE,
MK40 2NG,ST. ALBANS ROAD,ST ALBAN ROAD,
MK41 0FP,APPELDINE WAY,APPLEDINE WAY ,
MK41 7FT,SALCOTE WAY,SALTCOTE WAY,
MK41 7NW,WEDGEWOOD ROAD,WEDGWOOD ROAD,
MK42 7GR,SMITHS MEWS,SMITH MEWS,
MK43 7LP,BRIDGEND,BRIDGE END,
MK44 1BP,HIGH TOP BARN,HIGH TOP BARNS,
MK45 2FG,PADDOCKS COURT,PADDOCKS COURT,
MK45 2LX,PENNYFARTHERS CLOSE,PENNYFATHERS CLOSE,
MK45 4JS,BRADSHAW CLOSE,BRADSHAWS CLOSE,
MK6 4AZ,THE MARTLETT,THE MARTLET,
NE12 8PP,GRASSHOLME PLACE,GRASSHOLM PLACE,
NE13 9BY,MAYNARD STREET,MAYNARD ROAD,
NE28 7EX,ARCHERS VILLAS,ARCHER VILLAS,
NE28 7QT,KINGS ROAD,KINGS ROAD SOUTH,
NE28 7RB,KINGS ROAD,KINGS ROAD SOUTH ,
NE28 9AG,BURNETT CLOSE,BURNET CLOSE,
NE28 9HT,KINGS ROAD,KINGS ROAD NORTH,
NE28 9JQ,KINGS ROAD,KINGS ROAD NORTH,
NE3 5RN,BLENKINSOPP MEWS,BLENKINSOP MEWS,
NE31 2PT,HOLLYHOCK GARDENS,HOLLYHOCK,
NE33 2SX,BERKELEY STREET,BERKLEY STREET,
NE33 4HQ,MOFFATT VILLAS,MOFFETT VILLAS,
NE34 8BE,HAWTHORN AVENUE,HAWTHORNE AVENUE,
NE35 9BP,WOODSIDE ROAD,WOODSIDE DRIVE,
NE35 9BT,BOLDEN LEA,BOLDON LEA,
NE38 8TS,KINLET,KINLETT,
NE39 2DZ,COLLINGDEN GREEN,COLLINGDON GREEN,
NE40 3BS,TWEEDY BUILDINGS,TWEEDYS BUILDINGS,
NE43 7JY,BRANCH TERRACE,BRANCH END TERRACE,
NE6 3RS,EVISTONE GARDENS,EVISTONES GARDENS,
NE61 6DB,BREAMISH WAY,BEAMISH WAY,
NE63 9WG,MAINDSTONE GARDENS,MAIDSTONE GARDENS,
NE8 2GR,PARSON COURTYARD,PARSONS COURTYARD,
NG11 0JD,GRASSMERE GARDENS,GRASMERE GARDENS,
NG11 8QF,HUNTLEY CLOSE,HUNTLY CLOSE,
NG11 8SU,HAWKESLEY GARDENS,HAWKSLEY GARDENS,
NG11 9JF,WALCOTT GREEN,WALCOT GREEN,
NG12 3PW,GREENFIELD DRIVE,GREENFIELDS DRIVE,
NG15 8HB,CENTURIAN CLOSE,CENTURION CLOSE,
NG17 2AT,BRIERLEY COTTAGES,BRIERLY COTTAGES,
NG17 3DN,GREENSFIELDS,GREENSFIELDS,
NG18 4HP,JENNY BECKETT LANE,JENNY BECKETTS LANE,
NG18 5PU,MILTON COURT,MILTON STREET,
NG2 6HL,RIDGEWAY CLOSE,RIDGWAY CLOSE,
NG20 0GY,THE WICKETS,THE WICKETTS,
NG20 8AU,KING EDWARD HOUSE,KING EDWARD STREET,
NG21 9RD,MAID MARION DRIVE,MAID MARIAN DRIVE,
NG22 9TP,MAID MARIAN WAY,MAID MARION WAY,
NG23 5PJ,PADDOCK CLOSE,PADDOCKS CLOSE,
NG24 4XN,BRITTANIA COURT,BRITANNIA COURT,
NG31 7GD,NEALS CRESCENT,NEALES CRESCENT,
NG31 9LS,LABURNAM CLOSE,LABURNUM CLOSE,
NG32 1AZ,PASTURE ROAD,PASTURES ROAD,
NG5 1DP,LINNETTE CLOSE,LINETTE CLOSE,
NG5 9JH,THOMSON GARDENS,THOMPSON GARDENS,
NG6 7BD,MATTINGLEY ROAD,MATTINGLY ROAD,
NG6 8YY,HOPSKINSON COURT,HOPKINSON COURT,
NG9 4DF,PARK ROAD,PARK ROAD NORTH,
NG9 7EA,EATON ROAD,EATONS ROAD,
NG9 7HD,CLIFF HILL AVENUE,CLIFFE HILL AVENUE,
NN10 8AP,WESTFIELD STREET,WESTFIELDS STREET,
NN10 8BB,WESTFIELDS TERRACE,WESTFIELD TERRACE,
NN10 8LR,KESTRAL DRIVE,KESTREL DRIVE,
NN11 8BB,ALTHORP CLOSE,ALTHORPE CLOSE,
NN14 1PJ,THE BANK,THE BANKS,
NN14 2FJ,BROOK CLOSE,BROOKE CLOSE,
NN14 4FQ,BARNCEY CLOSE,BRANCEY CLOSE,
NN15 6QR,WOODLANDS AVENUE,WOODLAND AVENUE,
NN16 9JW,WILLOW GARDENS CLOSE,WILLOW GARDEN CLOSE,
NN17 2GF,STORNAWAY ROAD,STORNOWAY ROAD ,
NN17 3EY,WOOTON FORGE,WOOTTON FORGE,
NN18 0BN,WIMBOURNE WALK,WIMBORNE WALK,
NN18 0DH,BRIDGEWATER COURT,BRIDGWATER COURT,
NN18 9DJ,GREIG WALK,GRIEG WALK,
NN18 9ED,STOCKHOLM CLOSE,STOCKHOLME CLOSE,
NN3 3AE,ST. CHRISTOPHERS WALK,ST CHRISTOPHERS WALK,
NN3 3LP,CHUMLEIGH WALK,CHULMLEIGH WALK,
NN5 4DF,GIFFARD LANE,GIFFORD LANE,
NN5 6FW,EINSTEIN CLOSE,EINSTEIN CRESCENT,
NN5 7NU,KENNETT GREEN,KENNET GREEN,
NN8 3SP,BARRET CLOSE,BARRETT CLOSE,
NN9 5RF,WELLINGBROUGH ROAD,WELLINGBOROUGH ROAD,
NN9 6UR,ALTHORPE GARDENS,ALTHORP GARDENS,
NR1 1LX,CATHERDRAL STREET,CATHEDRAL STREET,
NR11 8FE,GUNNERS CLOSE,GUNNER CLOSE,
NR12 0YG,BROADLAND ROAD,BROADLANDS ROAD,
NR13 3QT,CROSSWAY TERRACE,CROSSWAYS TERRACE,
NR14 6FJ,HECKINGHAM PARK DRIVE,HECKINGHAM PARK,
NR14 7UJ,BEE-ORCHID WAY,BEE ORCHID WAY,
NR17 1HU,CHEQUERS GREEN,CHEQUERS GREEN ROAD,
NR20 5BS,FULMODESTON ROAD,FULMODESTONE ROAD,
NR24 2SH,JEWELL CLOSE,JEWEL CLOSE ,
NR26 8DX,CO-OPERATIVE STREET,CO OPERATIVE STREET,
NR29 3BF,CLAXTON GARDENS,CLAXTONS GARDENS,
NR29 4BL,MIRRIAM TERRACE,MIRIAM TERRACE,
NR29 5NZ,JOHNSONS STREET,JOHNSON STREET,
NR3 4QR,MAURICE RAE CLOSE,MAURICE RAES CLOSE,
NR33 9PY,RICHARDS CLOSE,RICHARDSS CLOSE,
NR33 9PY,RICHARDS'S CLOSE,RICHARDS CLOSE,
NR34 7UN,NEWSONS AVENUE,NEWSON AVENUE,
NR8 5GL,CECIL SPARKLES WALK,CECIL SPARKES WALK,
NR8 5HA,BLYTH'S WOOD AVENUE,BLYTHES WOOD AVENUE,
NW7 1BQ,THIRLEBY ROAD,THIRLBEY ROAD,
OL12 8AW,THE HEDGEROWS,HEDGEROWS,
OL13 8DY,BLACKTHORN TERRACE,BLACKTHORN LANE,
OL7 0DF,HAWTHORN GROVE,HAWTHORNE GROVE,
OX10 7HF,CALDICOT CLOSE,CALDICOTT CLOSE,
OX11 8SR,HARDINGS STRINGS,HARDING STRINGS ,
OX12 7BX,PICKETTS MEWS,PICKETT MEWS,
OX18 1JX,OAKS MEAD,OAKS MEADE,
OX18 2RD,BUSBY CLOSE,BUSBYS CLOSE,
OX20 1XQ,ST. ANDREWS SQUARE,ANDREWS SQUARE,
OX26 6PP,TY-CRAIG,TY CRAIG,
OX27 7PL,RUSSETT ROAD,RUSSET ROAD,
OX3 8SZ,ST. EBBAS CLOSE,ST EBBAS CLOSE,
OX3 9NQ,SHAFTSBURY ROAD,SHAFTESBURY ROAD,
OX3 9SJ,ALDBARTON DRIVE,ALDEBARTON DRIVE,
OX7 5HB,ALFRED TERRACE,ALFRED TERRACES,
PE1 5HU,WESTMORELAND GARDENS,WESTMORLAND GARDENS,
PE1 5NQ,MARRIOT COURT,MARRIOTT COURT,
PE12 7PA,FOXES LOWE ROAD,FOXES LOW ROAD,
PE12 7QQ,MARSHLAND DRIVE,MARSHLANDS DRIVE,
PE12 7QW,MARSHLAND DRIVE,MARSHLANDS DRIVE,
PE12 9SR,CROSBYS ROW,CROSBY ROW,
PE12 9UZ,RAILWAY LANE SOUTH,RAILWAY LANE,
PE13 3AN,DE-HAVILLAND ROAD,DE HAVILLAND ROAD,
PE13 4EE,CHAPELFIELDS ROAD,CHAPELFIELD ROAD,
PE14 7AP,S-BEND,S BEND,
PE19 6JP,RAMPLEY CLOSE,RAMPLY CLOSE,
PE19 6JW,RAMPLEY CLOSE,RAMPLY CLOSE,
PE19 8HL,PEPPERCORNS LANE,PEPPERCORN LANE,
PE20 1AQ,KINGS ARM CLOSE,KINGS ARMS CLOSE,
PE21 6TL,GROVE STREET,GROVE STREET WEST,
PE21 7ET,STERLING CLOSE,STERLING COURT,
PE21 9DP,ALLINGTON GARDEN,ALLINGTON GARDENS,
PE21 9DW,ALLINGTON GARDEN,ALLINGTON GARDENS,
PE24 5WG,DRYCOTT WAY,DRAYCOTT WAY,
PE25 1JT,HIDE CLOSE,HIDES CLOSE,
PE28 2LU,HILL FARM COTTAGE,HILL FARM COURT,
PE28 5RP,INFIELDS ROAD,INFIELD ROAD,
PE29 3HD,ST. JOHNS TERRACE,ST JOHN'S TERRACE,
PE36 6LH,KIRKGATE STREET,KIRKGATE,
PE4 7DN,THIRLEMERE GARDENS,THIRLMERE GARDENS,
PE7 2LP,CAMBERS DROVE,CAMBERS NEW DROVE,
PE7 3AD,SCOTTS DRIVE,SCOTT DRIVE,
PE7 3JL,LANDSDOWNE ROAD,LANSDOWNE ROAD,
PE7 3RT,QUEEN ELEANORS CLOSE,QUEEN ELEANOR CLOSE,
PE7 8JE,BRINDLE LANE,BRIDLE LANE,
PE9 1GL,AUDUS PLACE,AUDAS PLACE,
PL11 3LY,TRERIEVE ESTATE,TRERIEVE,
PL14 5PD,WESLEY TERRACE,LOWER WESLEY TERRACE,
PL14 6JW,TWELVEWOOD PLACE,TWELVEWOODS PLACE,
PL15 9FF,LOWER SLADE MOOR CRESCENT,LOWER SLADESMOOR CRESCENT,
PL15 9GF,STOURCOMBE WALK,STOURSCOMBE WALK,
PL15 9SH,DICNA CLOSE,DICKNA CLOSE,
PL21 0ED,FLETE VIEW,FLETE VIEW TERRACE,
PL26 8NT,MOORSTONE CLOSE,MOORSTONE PLACE,
PL27 7FA,COPPER BEACH GROVE,COPPER BEECH GROVE,
PL27 7NP,RIVERSDALE,RIVERSDALE PLACE,
PL28 8QA,BAY RETREAT VILLAS,BAY RETREAT,
PL31 1BU,PLAS NEWYDD AVENUE,PLAS NEWYDD TERRACE,
PL6 5BB,ST. BRIDGETS AVENUE,ST BRIDGET AVENUE,
PL6 6NY,BILLINGS CLOSE,BILLING CLOSE,
PL9 7FW,WESTLEIGH LANE,WESTLEIGH WAY,
PO10 7SG,WOODRUFFE WALK,WOODROFFE WALK,
PO16 9TE,QUINTREL AVENUE,QUINTRELL AVENUE,
PO16 9TF,QUINTREL AVENUE,QUINTRELL AVENUE,
PO19 6DE,DONEGALL AVENUE,DONEGAL AVENUE,
PO21 4RT,ABBOTTSBURY,ABBOTSBURY,
PO30 1EE,TERRECE ROAD,TERRACE ROAD,
PO30 2JN,BELLMEADE LANE,BELLMEAD LANE,
PO30 5XL,BRAMLEYS,THE BRAMLEYS ,
PO38 2DR,CHATFIELD ROAD,CHATFEILD ROAD,
PO9 1RZ,TOWER GARDENS,TOWERS GARDEN,
PR1 0XG,MEADOW REACH,MEADOWS REACH,
PR1 5QJ,OXLEY ROAD,OXLEY ROAD NORTH,
PR1 9EH,HAWKESBURY DRIVE,HAWKSBURY DRIVE,
PR3 6HE,SMALLWOOD HEY,SMALLWOOD HEY ROAD,
PR4 5EL,COCKERSANDS AVENUE,COCKERSAND AVENUE,
PR4 5FN,COCKERSANDS AVENUE,COCKERSAND AVENUE,
PR5 4EE,HAWTHORN AVENUE,HAWTHORNE AVENUE,
PR5 5JQ,RUSHEY HEY,RUSHY HEY,
PR5 5RQ,HOUGHTON STREET,HOGHTON STREET,
PR5 5XN,ROSEMEAD AVENUE,ROSEMEADE AVENUE,
PR5 6DP,OLIVEWOOD CLOSE,OLIVEWOOD ROAD,
PR5 6WL,HAREDON CLOSE,HAREDEN CLOSE,
PR7 2FT,WALLETTS WOOD COURT,WALLETS WOOD COURT,
PR7 3DH,THORNEYCROFT PLACE,THORNYCROFT PLACE,
PR7 7BP,BLACKSMITH WALKS,BLACKSMITHS WALK,
PR7 7LG,LONGHURST CLOSE,LONGHIRST CLOSE,
RG12 7BU,ROSSETT CLOSE,ROSSET CLOSE,
RG17 0LF,REGENT CLOSE,REGENTS CLOSE,
RG18 3DX,BOURN ARCH,BOURNE ARCH,
RG2 0FS,ST ANGES WAY,ST AGNES WAY,
RG2 8AR,MERIVALE GARDENS,MERRIVALE GARDENS,
RG2 9AR,KENDALL AVENUE,KENDAL AVENUE,
RG23 8HZ,HADRIAN WAY,HADRIANS WAY,
RG24 8GW,THE WOODLANDS,WOODLANDS,
RG24 9RB,NORTHBROOK CRESENT,NORTHBROOK CRESCENT,
RG26 5JN,LITTLE ALDERSHOT,LITTLE ALDERSHOT LANE,
RG28 7LD,THE BROADWAY,BROADWAY,
RG4 8BF,ELLIOTTS WAY,ELLIOTS WAY ,
RG5 4WR,DAHILA,DAHLIA,
RG7 3JX,GARLAND CLOSE,GARLANDS CLOSE,
RG9 1SQ,CHILTERNS END CLOSE,CHILTERN END CLOSE,
RH10 8EE,MIDGELEY ROAD,MIDGLEY ROAD,
RH11 8UD,HARTINGS COURT,HARTING COURT,
RH19 2SN,THICKET VALE,THICKET RISE,
RH6 9EN,WILLIAMS GARDENS,WILLIAM GARDENS,
RH6 9GY,STAFFORDS PLACE,STAFFORD PLACE,
RH7 6GD,ELIOT WAY,ELIOT PLACE,
RM13 7PR,FREEBOURNE GARDENS,FREEBORNE GARDENS,
RM16 2BS,PRINCE PHILLIP AVENUE,PRINCE PHILIP AVENUE,
RM16 2BT,PRINCE PHILLIP AVENUE,PRINCE PHILIP AVENUE,
RM16 2BX,PRINCE PHILLIP AVENUE,PRINCE PHILIP AVENUE,
RM16 2DL,PRINCE PHILLIP AVENUE,PRINCE PHILIP AVENUE,
RM17 5JX,RUSSELL ROAD,RUSSEL ROAD,
RM17 5RD,MCLEOD CLOSE,MACLEOD CLOSE,
RM17 6ET,CLARKEBOURNE DRIVE,CLARKBOURNE DRIVE,
RM3 0XG,AUBRIETIA CLOSE,AUBRETIA CLOSE,
RM3 7GH,BRICK KILN LANE,BRICK KILN ROAD,
RM5 2AB,MOORLANDS CLOSE,MOORLAND CLOSE,
RM6 5LD,BAGLEYS SPRINGS,BAGLEYS SPRING,
RM8 1EP,VAUGHAN STREET,VAUGHN STREET,
RM8 1YG,BLUNDON CLOSE,BLUNDEN CLOSE,
RM9 5PH,SHORTCROFT ROAD,SHORTCROFTS ROAD,
RM9 5PP,SHORTCROFT ROAD,SHORTCROFTS ROAD,
S11 9SW,WHIRLOW ELMS CHASE,WHIRLOW ELMS CLOSE,
S20 7HW,MIDDLECLIFF RISE,MIDDLECLIFFE RISE,
S35 7DF,PABILOW ROW,PABILLO ROW,
S35 9AD,ECCELSFIELD COURT,ECCLESFIELD COURT,
S36 6BQ,HARTCLIFFE AVENUE,HARTCLIFF AVENUE,
S36 6GE,CORRUNNA VIEW,CORUNNA VIEW,
S41 8PS,WIMBOURNE CRESCENT,WIMBORNE CRESCENT,
S41 8PT,WIMBOURNE CRESCENT,WIMBORNE CRESCENT,
S43 4FN,CHANTERELLE WAY,CHANTERELLE WALK ,
S44 5NP,EAST SREET,EAST STREET,
S60 4AW,MOORLAND CRESCENT,MOORLANDS CRESCENT,
S60 5UP,SHORELAND DRIVE,SHORLAND DRIVE,
S62 6JT,GREENFIELDS,GREENFIELD,
S62 7BU,THE OLD STABLES,THE OLD STABLES,
S63 8FB,BARROW SKYE,BARROW SYKE,
S63 9AU,BARNSLEY ROAD HIGHGATE,BARNSLEY ROAD,
S64 5TU,POTTERS COURT,POTTERS WAY,
S64 8PX,CLIFFIELD ROAD,CLIFFEFIELD ROAD,
S64 8UJ,FOXLANDS AVENUE,FOXLAND AVENUE,
S65 3LA,LADY OAK ROAD,LADY OAK WAY,
S71 2NU,LOWLAND CLOSE,LOWLANDS CLOSE,
S71 5SF,KINGWOOD CLOSE,KINGSWOOD CLOSE,
S75 3HX,CHANTRY ORCHARD,CHANTRY ORCHARDS,
S75 5RB,FALCON KNOWLE ING,FALCON KNOWL ING,
S80 1EB,GATEFORD CHAMBERS,GATEFORD ROAD,
S80 1HJ,WM STRAW GARDENS,WILLIAM STRAW GARDENS,
S80 3JA,MABEL STREET,MABLE STREET,
S80 3LD,OLD BOWLING GREEN,THE OLD BOWLING GREEN,
S81 0PS,LITCHFIELD CLOSE,LICHFIELD CLOSE,
SE19 1HP,BELL MEADOW,BELL MEADOWS,
SE23 2NH,HOMEFIELD MEWS,HONEYFIELD MEWS ,
SE6 1TZ,LONGHILL ROAD,LONGHILL,
SG11 1LH,GREEN LEY COTTAGES,GREEN LEYS COTTAGES,
SG19 2PL,CHAPMANS CLOSE,CHAPMAN CLOSE,
SG2 9YN,RANDALLS HILL,RANDALS HILL,
SG5 3EJ,LAWN CLOSE,LAWNS CLOSE,
SG5 4QU,COLUMBINE WAY,COLUMBINE LANE,
SK10 2GU,HEATHERRIDGE CLOSE,HEATHERIDGE CLOSE,
SK10 3EX,BECKS LANE,BECK LANE,
SK10 5TN,RAVENHOE LANE,RAVENHOE LANE,
SK15 2DP,FORRESTER DRIVE,FORESTER DRIVE,
SK15 2EN,FORESTER DRIVE,FORRESTER DRIVE,
SK8 3DB,MABLEDON CLOSE,MABLEDEN CLOSE,
SK8 6RH,LAWNHURST AVENUE,LAWNHURST CLOSE,
SL1 9JF,BANK SPUR,BANKS SPUR,
SL6 1TG,LANTERN WALK,LANTERNS WALK,
SL6 9RE,BLACK BUTT COTTAGES,BLACK BUTTS COTTAGES,
SL7 3NB,MARLOW BOTTOM,MARLOW BOTTOM ROAD,
SL7 3PJ,MARLOW BOTTOM,MARLOW BOTTOM ROAD,
SL7 3PZ,MARLOW BOTTOM,MARLOW BOTTOM ROAD,
SL7 3QF,MARLOW BOTTOM,MARLOW BOTTOM ROAD,
SM4 4BS,NORTHENHAY WALK,NORTHERNHAY WALK,
SN1 4GN,SEACOLE CRESENT,SEACOLE CRESCENT,
SN1 7AN,RAVENDALE,RAVENSDALE,
SN10 2BY,PHILLIP CLOSE,PHILIP CLOSE,
SN10 2GE,LOCKEM ROAD,LOCHEM ROAD,
SN10 4SH,THE PADDOCKS,THE PADDOCK,
SN11 8PE,FOREMAN STREET,FORMAN STREET,
SN13 9PD,LINLEYS,THE LINLEYS,
SN14 0PS,BERKLEY CLOSE,BERKELEY CLOSE,
SN14 7BT,CLARKS LEAZE,CLARKES LEAZE,
SN15 3FL,KNIGHT CLOSE,KNIGHTS CLOSE,
SN15 5NF,NURSERY COTTAGE,NURSERY COTTAGES ,
SN16 0FH,LIME TREE DRIVE,STOREY MEWS,
SN16 9FN,BERNARD LOVELL ROAD,SIR BERNARD LOVELL ROAD,
SN2 7JZ,FAIRHOLME WAY,FAIRHOLM WAY,
SN25 2NJ,FRANKELL AVENUE,FRANKEL AVENUE,
SN25 3BW,BROADWAY,THE BROADWAY,
SN25 3NZ,MEDWAY,MEDWAY ROAD,
SN3 1LE,CLEEVE LAWN,CLEEVE LAWNS,
SN6 8PE,POVEY PLACE,POVEYS PLACE,
SN9 5BZ,HURLEY LANE,HURLY LANE,
SN9 5PF,NURSERY BARN,NURSERY BARNS,
SO31 6XJ,KNOTGRASS ROAD,KNOTTGRASS ROAD ,
SO45 1FE,PAVILLION GARDENS,PAVILION GARDENS,
SO51 8FQ,LANSDOWN CLOSE,LANSDOWNE CLOSE,
SP11 6GT,MALSHAM WALK,MASHAM WALK,
SP2 8JS,BRIDGEWATER CLOSE,BRIDGWATER CLOSE,
SR1 3QN,GILLHURST GRANGE,GILHURST GRANGE,
SR2 0EP,LINSKILL,LINSKELL,
SR2 8HF,VILLETTE BROOKE STREET,VILLETTE BROOK STREET,
SR3 3PF,FARRINGDON AVENUE,FARRINGTON AVENUE,
SR8 4BW,NAISBETT AVENUE,NAISBITT AVENUE,
SS15 5DG,YARDLEY,YARDELEY,
SS15 5DH,YARDLEY,YARDELEY,
SS15 5DQ,YARDLEY,YARDELEY,
SS4 1HY,KING HENRY DRIVE,KING HENRYS DRIVE,
SS7 3YW,THURLSTONE,THURLESTONE,
SS7 5BQ,SHOREFIELDS,SHOREFIELD,
SS8 0BA,THORPE LEAS,THORP LEAS,
ST1 3PZ,ST. LUKES STREET,ST LUKE STREET,
ST1 3QR,HAWTHORN TERRACE,HAWTHORNE TERRACE,
ST13 7HB,HAZLEHURST DRIVE,HAZELHURST DRIVE,
ST15 0WG,CAULDON DRIVE,CAULDON WAY,
ST17 9DP,LONG MEADOWS,LONG MEADOW ,
ST2 7HJ,FELSTEAD STREET,FELSTED STREET,
ST2 7JH,TRENTFIELD ROAD,TRENTFIELDS ROAD,
ST2 9HF,WOOLISCROFT ROAD,WOOLLISCROFT ROAD,
ST20 0LZ,CLOISTERS,THE CLOISTERS,
ST3 2BZ,SEEDFIELD ROAD,SEEDFIELDS ROAD,
ST3 7ES,ALANBROOK GROVE,ALANBROOKE GROVE,
ST3 7HN,STAR & GARTER ROAD,STAR AND GARTER ROAD,
ST3 7HS,STAR & GARTER ROAD,STAR AND GARTER ROAD,
ST4 6RU,SPRINGFIELD ROAD,SPRINGFIELDS ROAD,
ST4 6RY,SPRINGFIELD ROAD,SPRINGFIELDS ROAD,
ST4 6RZ,SPRINGFIELD ROAD,SPRINGFIELDS ROAD,
ST4 7NT,CUMMINGS STREET,CUMMING STREET,
ST4 7PF,OSBOURNE ROAD,OSBORNE ROAD,
ST5 0NR,WOOLISCROFT AVENUE,WOOLLISCROFT AVENUE,
ST5 2LH,LANARK WALK,LANARK WALKS,
ST5 8DB,ST. GEORGES AVENUE,ST GEORGES AVENUE SOUTH,
ST5 8DF,ST. GEORGES AVENUE,ST GEORGES AVENUE WEST,
ST5 8DG,ST. GEORGES AVENUE,ST GEORGES AVENUE NORTH,
ST5 8DH,ST. GEORGES AVENUE,ST GEORGES AVENUE NORTH,
ST6 6LN,ROSEBERRY STREET,ROSEBERY STREET,
ST7 1TD,HAWTHORNE GARDENS,HAWTHORN GARDENS,
ST7 4RH,DALES GREEN,DALES GREEN ROAD,
ST7 8NN,BRINDLEY WAY,BRINDLEYS WAY,
SW11 2UJ,PEMBROKE MEWS,PEMBROOK MEWS,
SW15 2EH,JACOB MEWS,JACOBS MEWS,
SW16 2TZ,NEWCOMBE GARDENS,NEWCOME GARDENS,
SW19 3BT,NURSERY ROAD MERTON,NURSERY ROAD,
SY13 1GY,ST. ALKMUNDS MEADOWS,ST ALKMUNDS MEADOW ,
SY8 4DN,HUNTINGDON GREEN,HUNTINGTON GREEN,
TA12 6NW,EASTFIELDS,EASTFIELD,
TA13 5AY,LIGHTGATE VILLAS,LIGHTGATE,
TA18 8HR,PARKLANDS WALK,PARKLAND WALK,
TA2 6BP,"HOME TERRACE, STATION ROAD.",HOME TERRACE,
TA22 9AL,POUND CLOSE,POUNDS CLOSE,
TA6 6WQ,ROMNEY WAY,ROMNEY ROAD,
TA8 1DS,HAMLEY CLOSE,LAWRENCE CLOSE,
TA9 3FB,BALLANTINE WALK,BALLENTINE WALK,
TA9 3NA,JASMIN CLOSE,JASMINE CLOSE,
TF1 5FN,BEDALL WAY,BEDDALL WAY,
TF2 6HS,ABBOTTS CLOSE,ABBOTS CLOSE,
TF2 8BE,LEONARDS CLOSE,LEONARD CLOSE,
TF2 8EH,HAWTHORNE ROAD,HAWTHORN ROAD,
TF2 9DW,ATHOLL DRIVE,ATHOL DRIVE,
TF7 5ER,BURNTHALL,BURNT HALL LANE ,
TF9 1AY,RED BANK ROAD,RED BANK,
TF9 4RN,SHARPLAND,SHARPLANDS,
TN12 5ES,STRETTIT GARDENS,STRETTITT GARDENS,
TN15 6JL,GREEN FARM COTTAGE,GREEN FARM COTTAGES,
TN15 9DE,OLDBURY COTTAGE,OLDBURY COTTAGES,
TN16 3SH,BLACKTHORNE ROAD,BLACKTHORN ROAD,
TN2 4HN,BELLFIELD ROAD,BELFIELD ROAD,
TN23 3AJ,FORGE COTTAGE,FORGE COTTAGES,
TN25 6AQ,ROCK COTTAGE,ROCK COTTAGES,
TN29 9JG,WOLESLEY TERRACE,WOLSELEY TERRACE,
TN3 0HP,OAK VILLA,OAK VILLAS,
TN3 0JR,WATERFRETS COTTAGE,WATERFRETS COTTAGES,
TN39 3FB,COLLWALL GARDENS,COLWALL GARDENS,
TN40 1EN,BOLEBROOK ROAD,BOLEBROOKE ROAD,
TN6 1FA,CRANBORNE GARDENS,CRANBOURNE GARDENS,
TN8 5DF,STREATFIELD,STREATFEILD,
TQ12 4ET,MOORLANDS CLOSE,MOORLAND CLOSE,
TQ12 4QT,POOL WEIR,POOLS WEIR,
TQ14 9AW,ST MARY MAGDALENE CLOSE,ST MARY MAGDALEN CLOSE,
TQ3 2LD,BAYMOUNT,BAYMOUNT ROAD,
TQ3 3NT,TICHFIELD GARDENS,TITCHFIELD GARDENS,
TQ6 9RN,JAWBONE HILL,JAWBONES HILL,
TQ7 2TW,HOMELEIGH ROAD,HOLMLEIGH ROAD,
TQ7 3HL,CHANNEL VIEW,CHANNEL VIEW DRIVE,
TQ9 7EE,BOW BRIDGE HOUSE,BOW BRIDGE HOUSE COTTAGES,
TR10 8RP,LANNOWETH,LANOWETH,
TR10 9FD,KINGSTON WAY ROAD,KINGSTON WAY,
TR13 9DU,KESTRAL CLOSE,KESTREL CLOSE,
TR14 7RW,PARC-AN-BANS,PARK-AN-BANS,
TR14 8AR,JACK & HARRY ROW,JACK AND HARRY ROW ,
TR17 0AB,ST. MICHEALS REACH,ST MICHAELS REACH ,
TR2 4BL,BONECELLARS ROW,BONECELLAR ROW ,
TR20 9LX,PRIMROSE LANE ESTATE,PRIMROSE LANE,
TR27 6DP,MILLBANK MEADOWS,MILLBANK MEADOW,
TR4 9EY,KEW VOUNDER,KEW VOWNDER,
TR8 4FB,STRET EUTHER PENDRAGON,STRET EUTHER PENNDRAGON,
TR9 6SG,BOSPOLVAN ROAD,BOSPOLVANS ROAD,
TS12 2DA,ST. PETERS MEWS,ST PETERS MEWS,
TS17 5GR,LULLINGSTONE CRESENT,LULLINGSTONE CRESCENT,
TS21 3LD,BUCKTHORNE CRESCENT,BUCKTHORN CRESCENT,
TS24 9QP,FULTHORPE AVENUE,FULTHORP AVENUE,
TS24 9QS,FULTHORPE AVENUE,FULTHORP AVENUE,
TS25 2RF,CONNINGSBY CLOSE,CONINGSBY CLOSE,
TS25 3QN,MOFFATT ROAD,MOFFAT ROAD,
TS25 3QP,MOFFATT ROAD,MOFFAT ROAD,
TS26 0NX,RING STONES CLOSE,RING STONE CLOSE,
TS28 5BT,CARODOC ROAD,CARADOC ROAD ,
TS3 6LS,KILDALE COURT,KILDARE COURT,
TS7 8RG,ST. CUTHBERTS AVENUE,ST CUTHBERT AVENUE,
TS8 9SP,CORPORAL ANDREW ROBERTS CLOSE,CORPORAL ROBERTS CLOSE,
TW11 8GR,STOKE MEWS,STOKES MEWS,
UB10 9DF,SEDGEWICK AVENUE,SEDGWICK AVENUE,
UB10 9DG,SEDGEWICK AVENU,SEDGWICK AVENUE,
UB8 1GQ,WORRAL LANE,WORRALL LANE ,
W8 6UG,ADAM & EVE MEWS,ADAM AND EVE MEWS,
W8 6UJ,ADAM & EVE MEWS,ADAM AND EVE MEWS,
WA11 8EN,WALMSLEY DRIVE,WALMESLEY DRIVE,
WA13 0HQ,RIDGWAY GARDENS,RIDGEWAY GARDENS,
WA13 0LQ,SANDYMOOR PLACE,SANDMOOR PLACE,
WA14 5YN,AVENNSBECK,AVENSBECK,
WA2 8NE,FARRINGDON ROAD,FARINGDON ROAD,
WA4 1GD,POWDER MILL LANE,POWDER MILL ROAD,
WA4 6GA,WEDGWOOD DRIVE,WEDGEWOOD DRIVE,
WA4 6NP,WALTON ROAD,WALTON NEW ROAD,
WA4 6NR,WALTON ROAD,WALTON NEW ROAD,
WA4 6NS,WALTON ROAD,WALTON NEW ROAD,
WA4 6NT,WALTON ROAD,WALTON NEW ROAD,
WA5 1BQ,LAVENDAR GARDENS,LAVENDER GARDENS,
WA5 9EP,GOLDCLIFFE CLOSE,GOLDCLIFF CLOSE,
WC1N 1JA,COLONNADE MEWS,COLONNADE,
WD18 7DR,DURBAN ROAD,DURBAN ROAD WEST,
WD25 9SR,THE PHILLIPERS,PHILLIPERS,
WD5 0LP,FOLLET DRIVE,FOLLETT DRIVE,
WF10 2GA,GADWALL DRIVE,GADWELL DRIVE,
WF11 0ER,SPURRIER AVENUE,SPURRIERS AVENUE,
WF11 9EG,FOXCLIFFE,FOXCLIFF ,
WF12 0BA,ST. ANNS CLOSE,ST ANNES CLOSE,
WF12 0BD,FOXROYD LANE ESTATE,FOXROYD LANE,
WF13 3PE,WOODLANDS GROVE,WOODLAND GROVE,
WF13 4AU,HILARY STREET,HILLARY STREET,
WF13 4BN,MORLAND CLOSE,MORLANDS CLOSE,
WF14 9BP,NEW TAN HOUSES,NEW TANHOUSE,
WF14 9PW,WESTFIELD ROAD,WESTFIELDS ROAD,
WF15 6NN,TICHBOURNE STREET,TICHBORNE STREET,
WF5 8BU,KINGSWAY MEW,KINGSWAY MEWS,
WF8 2SN,SORRELL CLOSE,SORREL CLOSE,
WF8 3EY,HADRIANS CLOSE,HADRIAN CLOSE,
WF8 4FW,POPPY FIELDS COURT,POPPY FIELDS CLOSE,
WF8 4SR,EDWARDS MEWS,EDWARD MEWS ,
WN1 2UN,GARDINER CLOSE,GARDINAR CLOSE,
WN2 3UW,PICKTHORNE CLOSE,PICKTHORN CLOSE,
WN2 5AJ,SHERWOOD CRESCENT,SHERWOOD COURT,
WN5 0AP,THOMAS MOORE GARDENS,THOMAS MORE GARDENS,
WN5 7GE,JACOB COURT,JACOBS COURT,
WN6 8FP,ELWOOD GARDENS,ELLWOOD GARDENS,
WN6 8LR,CROOKE,CROOKE ROAD,
WN8 9QR,CRAWFORD,CRAWFORD ROAD,
WN8 9QS,CRAWFORD,CRAWFORD ROAD,
WR1 3JN,LYTTLETON STREET,LYTTELTON STREET,
WR11 3JW,RUSSETT CLOSE,RUSSET CLOSE,
WR14 1TA,REDMAN DRIVE,REDMAN CLOSE,
WR2 5GN,EARLS COURT,EARLS COURT WAY,
WR2 6EL,RUSSETT CLOSE,RUSSET CLOSE,
WR3 7LL,SORRELL CLOSE,SORREL CLOSE,
WR5 3AL,RANSOME AVENUE,RANSOM AVENUE,
WR9 8JW,STEYNOR AVENUE,STEYNORS AVENUE,
WS11 1PS,SOUTHGATE,SOUTHGATE END,
WS11 6LF,GOLDTHORNE AVENUE,GOLDTHORN AVENUE,
WS13 6GD,GODFREY DRIVE,GODFREY RISE,
WS15 1HU,SEABROOK ROAD,SEABROOKE ROAD,
WS15 1JA,HOBS VIEW,HOBBS VIEW,
WS15 1NA,DAVEY PLACE,DAVY PLACE,
WS15 1SP,LOWER FUFIN,LOWER FUFIN CLOSE,
WS2 8BL,GLADSTONE HOUSE,GLADSTONE STREET,
WS4 1GB,GRIFFINS CRESENT,GRIFFINS CRESCENT,
WS6 7ET,WOODMANS LANE,WOODMAN LANE,
WV12 4DY,ERNEST CLARK CLOSE,ERNEST CLARKE CLOSE,
WV14 8DN,STAR FOUNDRY DRIVE,STAR FOUNDRY LANE ,
WV16 4SB,COPPERFIELD ROAD,COPPERFIELD,
WV16 5AE,HAZELDINE WAY,HAZLEDINE WAY,
WV2 2AL,PEMBRY GARDENS,PEMBREY GARDENS,
WV3 7DU,ST. PHILIPS AVENUE,ST PHILLIPS AVENUE,
WV5 0AX,GIGGETY LANE,GIGGETTY LANE,
YO14 9GH,TALISKER WALK,TALISKER WAY,
YO15 1NB,DOG & DUCK SQUARE,DOG AND DUCK SQUARE,
YO15 3PR,ROSEBERRY AVENUE,ROSEBERY AVENUE,
YO24 2QD,ST. JAMES CROFT,ST JAMES CROFT,
YO32 9RX,NORTH MOOR ESTATE,NORTH MOOR,
YO32 9RZ,NORTH MOOR ESTATE,NORTH MOOR,
YO32 9SA,NORTH MOOR ESTATE,NORTH MOOR,
YO8 3ED,CLOG MILLS GARDENS,CLOG MILL GARDENS,
YO8 3EH,CLOG MILLS GARDENS,CLOG MILL GARDENS,